topic,type,text,option1,option2,option3,option4,correctAnswer
Första världskriget - Lektion 1: Europas krutdurk,MULTIPLE_CHOICE,Vilken av följande var INTE en bakomliggande orsak till första världskriget?,Nationalism,Imperialism,Kommunism,Kapprustning,Kommunism
Första världskriget - Lektion 1: Europas krutdurk,MULTIPLE_CHOICE,Vad innebar allianssystemet i Europa före 1914?,Att alla europeiska länder samarbetade för fred,Att länder hade avtal om att stödja varandra militärt vid angrepp,Att FN bildades för att förhindra krig,Att länderna hade gemensam ekonomi,Att länder hade avtal om att stödja varandra militärt vid angrepp
Första världskriget - Lektion 1: Europas krutdurk,MULTIPLE_CHOICE,Kapprustningen före 1914 innebar att stormakterna:,Minskade sina arméer för att spara pengar,Tävlade om att bygga upp de största militära styrkorna,Förbjöd nya vapen genom internationella avtal,Enbart satsade på flottan,Tävlade om att bygga upp de största militära styrkorna
Första världskriget - Lektion 1: Europas krutdurk,MULTIPLE_CHOICE,"Hur hänger nationalism och imperialism ihop som orsaker till kriget?",De har ingen koppling alls,Nationalism stärkte viljan att expandera och dominera andra folk - imperialism blev uttrycket för detta,Imperialism orsakade nationalism genom handel,Nationalism försvagade imperialismen,Nationalism stärkte viljan att expandera och dominera andra folk - imperialism blev uttrycket för detta
Första världskriget - Lektion 1: Europas krutdurk,FREE_TEXT,"Nämn en bakomliggande orsak till kriget och förklara varför den ökade spänningarna i Europa.",,,,
Första världskriget - Lektion 1: Europas krutdurk,FREE_TEXT,"Rangordna de fyra bakomliggande orsakerna efter hur viktiga du tror att de var. Motivera ditt val av den viktigaste.",,,,
Första världskriget - Lektion 2: Skotten i Sarajevo,MULTIPLE_CHOICE,Vad var den utlösande faktorn till första världskriget?,Frankrikes invasion av Tyskland,Mordet på ärkehertig Franz Ferdinand i Sarajevo,Rysslands mobilisering,Englands krigsförklaring mot Turkiet,Mordet på ärkehertig Franz Ferdinand i Sarajevo
Första världskriget - Lektion 2: Skotten i Sarajevo,MULTIPLE_CHOICE,"Vad är skillnaden mellan en bakomliggande orsak och en utlösande faktor?",Det finns ingen skillnad,En bakomliggande orsak bygger upp spänningar över tid medan en utlösande faktor är händelsen som startar konflikten,En utlösande faktor är alltid viktigare än en bakomliggande orsak,Bakomliggande orsaker handlar om personer och utlösande faktorer om strukturer,En bakomliggande orsak bygger upp spänningar över tid medan en utlösande faktor är händelsen som startar konflikten
Första världskriget - Lektion 2: Skotten i Sarajevo,MULTIPLE_CHOICE,"Begreppet 'aktör' i historisk analys syftar på:",Strukturella samhällskrafter som ekonomi och politik,Enskilda personer eller grupper som fattar beslut och handlar,Historiker som tolkar händelser,Länder som deltar i krig,Enskilda personer eller grupper som fattar beslut och handlar
Första världskriget - Lektion 2: Skotten i Sarajevo,MULTIPLE_CHOICE,Varför ledde mordet i Sarajevo till ett storkrig och inte bara en lokal konflikt?,Mordet var så upprörande att alla länder reagerade spontant,Allianssystemen drog in land efter land - en dominoeffekt,Ingen vet varför kriget spred sig,Alla länder ville erövra Serbien,Allianssystemen drog in land efter land - en dominoeffekt
Första världskriget - Lektion 2: Skotten i Sarajevo,FREE_TEXT,"Var första världskriget oundvikligt? Argumentera med hjälp av begreppen aktör och struktur.",,,,
Första världskriget - Lektion 2: Skotten i Sarajevo,FREE_TEXT,"Identifiera ett tillfälle under juni-krisen 1914 då kriget kunde ha undvikits. Vad hade behövt hända?",,,,
Första världskriget - Lektion 3: Skyttegravskriget,MULTIPLE_CHOICE,Vilken ny vapentyp bidrog mest till att västfronten fastnade i skyttegravskrig?,Svärdet,Kulsprutan,Kanonen,Musköten,Kulsprutan
Första världskriget - Lektion 3: Skyttegravskriget,MULTIPLE_CHOICE,"Vilken av de fyra källkritiska grundfrågorna handlar om källans syfte?",Vem skapade källan?,När skapades den?,Varför skapades den?,Vad säger den?,Varför skapades den?
Första världskriget - Lektion 3: Skyttegravskriget,MULTIPLE_CHOICE,"En propagandaaffisch från 1915 visar glada soldater som marscherar. Varför kan denna källa ändå vara värdefull för en historiker?",Den visar exakt hur kriget var,Den avslöjar vilka budskap regeringen ville sprida och hur de försökte påverka opinionen,Den bevisar att soldaterna var glada,Den har inget historiskt värde alls,Den avslöjar vilka budskap regeringen ville sprida och hur de försökte påverka opinionen
Första världskriget - Lektion 3: Skyttegravskriget,MULTIPLE_CHOICE,"Vad skiljer ett soldatbrev från en propagandaaffisch som historisk källa?",Soldatbrevet är alltid sant och affischen alltid falsk,Soldatbrevet ger ett personligt perspektiv medan affischen visar statens officiella budskap,De ger exakt samma information,Propagandaaffischen är alltid mer trovärdig,Soldatbrevet ger ett personligt perspektiv medan affischen visar statens officiella budskap
Första världskriget - Lektion 3: Skyttegravskriget,FREE_TEXT,"Ge ett exempel på hur en propagandakälla kan vara opålitlig som faktabeskrivning men ändå värdefull som historisk källa.",,,,
Första världskriget - Lektion 3: Skyttegravskriget,FREE_TEXT,"Välj en typ av källa från första världskriget (soldatbrev, propagandaaffisch, tidningsartikel). Vilka styrkor och svagheter har den som historisk källa?",,,,
Första världskriget - Lektion 4: Hela världens världskrig?,MULTIPLE_CHOICE,"Ungefär hur många indiska soldater stred på de allierades sida under första världskriget?",Cirka 1000,Cirka 50 000,Över 1 miljon,Inga alls,Över 1 miljon
Första världskriget - Lektion 4: Hela världens världskrig?,MULTIPLE_CHOICE,"Varför kan det vara problematiskt att kalla konflikten 1914-1918 för ett 'världskrig'?",Eftersom kriget bara varade i fyra år,Eftersom historieskrivningen ofta är eurocentrisk och osynliggör många deltagares perspektiv,Eftersom det bara dog européer,Eftersom konflikten inte var särskilt stor,Eftersom historieskrivningen ofta är eurocentrisk och osynliggör många deltagares perspektiv
Första världskriget - Lektion 4: Hela världens världskrig?,MULTIPLE_CHOICE,Vilken roll spelade Osmanska riket i första världskriget?,Det var neutralt under hela kriget,Det stred på centralmakternas sida och krigets konsekvenser omformade Mellanöstern,Det stred på ententens sida,Det existerade inte längre vid krigsutbrottet,Det stred på centralmakternas sida och krigets konsekvenser omformade Mellanöstern
Första världskriget - Lektion 4: Hela världens världskrig?,MULTIPLE_CHOICE,"Begreppet 'eurocentrism' i historieskrivning innebär att:",Man bara studerar europeisk historia,Europa framställs som världens centrum och andra perspektiv marginaliseras,Europeiska historiker alltid har rätt,Europa var viktigast under alla tidsepoker,Europa framställs som världens centrum och andra perspektiv marginaliseras
Första världskriget - Lektion 4: Hela världens världskrig?,FREE_TEXT,"Jämför hur en europeisk soldat och en kolonial soldat från exempelvis Indien eller Senegal kunde ha upplevt första världskriget olika. Vad skilde deras situationer åt?",,,,
Första världskriget - Lektion 4: Hela världens världskrig?,FREE_TEXT,"Varför saknas ofta utomeuropeiska perspektiv i berättelsen om första världskriget? Diskutera med hjälp av begreppet historiebruk.",,,,
Första världskriget - Lektion 5: Versailles och efterkrigstiden,MULTIPLE_CHOICE,"Vad innebar krigsskuldsparagrafen i Versaillesfreden?",Att alla länder delade på skulden för kriget,Att Tyskland ensamt fick bära skulden för kriget och betala skadestånd,Att krigets offer fick ekonomisk ersättning,Att Frankrike erkände sin skuld,Att Tyskland ensamt fick bära skulden för kriget och betala skadestånd
Första världskriget - Lektion 5: Versailles och efterkrigstiden,MULTIPLE_CHOICE,Vilket av följande var en konsekvens av Versaillesfreden?,Europa fick bestående fred,Nya stater bildades och Europas karta ritades om,Tyskland blev starkare militärt,Osmanska riket expanderade,Nya stater bildades och Europas karta ritades om
Första världskriget - Lektion 5: Versailles och efterkrigstiden,MULTIPLE_CHOICE,"Begreppet 'kontinuitet' i historisk analys syftar på:",Saker som förändras snabbt,Mönster och strukturer som består trots att händelser inträffar,Att historien alltid upprepar sig exakt,Att ingenting någonsin förändras,Mönster och strukturer som består trots att händelser inträffar
Första världskriget - Lektion 5: Versailles och efterkrigstiden,MULTIPLE_CHOICE,"Varför anses Versaillesfreden ha bidragit till framtida konflikter?",Den var för mild mot förlorarna,De hårda villkoren skapade bitterhet och ekonomisk kris som nationalistiska rörelser utnyttjade,Den gav Tyskland för mycket makt,Den ignorerade Frankrike helt,De hårda villkoren skapade bitterhet och ekonomisk kris som nationalistiska rörelser utnyttjade
Första världskriget - Lektion 5: Versailles och efterkrigstiden,FREE_TEXT,"Kan fred leda till krig? Diskutera med utgångspunkt i Versaillesfreden.",,,,
Första världskriget - Lektion 5: Versailles och efterkrigstiden,FREE_TEXT,"Nämn en konsekvens av Versaillesfreden som bidrog till framtida konflikter och förklara sambandet.",,,,
Första världskriget - Lektion 6: Sammanfattning,MULTIPLE_CHOICE,"Vilket av följande historiska begrepp handlar om att analysera VARFÖR något hände och vad som följde?",Aktör och struktur,Kontinuitet och förändring,Orsak och konsekvens,Historiebruk,Orsak och konsekvens
Första världskriget - Lektion 6: Sammanfattning,MULTIPLE_CHOICE,"Vilken av följande påståenden beskriver bäst första världskrigets långsiktiga konsekvenser?",Kriget hade inga långsiktiga konsekvenser,Kriget ledde till nya gränser och politisk instabilitet som bidrog till framtida konflikter och omformade hela världsordningen,Kriget löste alla konflikter i Europa,Kriget påverkade bara de länder som förlorade,Kriget ledde till nya gränser och politisk instabilitet som bidrog till framtida konflikter och omformade hela världsordningen
Första världskriget - Lektion 6: Sammanfattning,FREE_TEXT,"Var första världskriget hela världens världskrig? Motivera ditt svar med hjälp av minst tre historiska begrepp.",,,,
Första världskriget - Övergripande,MULTIPLE_CHOICE,"Vilka två allianser stod mot varandra vid krigsutbrottet 1914?",NATO och Warszawapakten,Ententen och centralmakterna,Axelmakterna och de allierade,Folkförbundet och Nationernas förbund,Ententen och centralmakterna
Första världskriget - Övergripande,MULTIPLE_CHOICE,"Vilket av följande är ett exempel på att använda begreppet 'struktur' för att förklara krigsutbrottet?",Gavrilo Princip sköt ärkehertig Franz Ferdinand,Allianssystemet och kapprustningen skapade en situation där ett litet krig lätt kunde eskalera,Kaiser Wilhelm bestämde sig för att stödja Österrike,En serbisk nationalist planerade attentatet,Allianssystemet och kapprustningen skapade en situation där ett litet krig lätt kunde eskalera
Första världskriget - Övergripande,MULTIPLE_CHOICE,"Vad innebär 'historiebruk'?",Att studera historia i skolan,Att historia används i olika sammanhang för att skapa identitet eller påverka människors värderingar,Att historiker skriver böcker,Att man bevarar gamla byggnader,Att historia används i olika sammanhang för att skapa identitet eller påverka människors värderingar
Första världskriget - Övergripande,MULTIPLE_CHOICE,"En historiker som analyserar första världskriget 'ur flera perspektiv' gör följande:",Skriver en längre text,Undersöker händelsen från olika aktörers synvinklar och väger deras erfarenheter mot varandra,Läser fler böcker,Fokuserar bara på det viktigaste perspektivet,Undersöker händelsen från olika aktörers synvinklar och väger deras erfarenheter mot varandra
Första världskriget - Övergripande,FREE_TEXT,"Jämför två orsaker till första världskriget. Vilken anser du var viktigast och varför?",,,,
Första världskriget - Övergripande,FREE_TEXT,"Hur har din förståelse av första världskriget förändrats under momentet? Vad visste du innan och vad vet du nu?",,,,
Första världskriget - Övergripande,FREE_TEXT,"Koppla första världskriget till idag: finns det paralleller mellan spänningarna i Europa 1914 och aktuella geopolitiska konflikter? Diskutera likheter och skillnader.",,,,
