topic,type,text,option1,option2,option3,option4,option5,correctAnswer
Begrepp och grundläggande kunskaper,MULTIPLE_CHOICE,"Vad betyder offentlighetsprincipen?","Alla har rätt att ta del av allmänna handlingar hos myndigheter","Handling som förvaras hos myndighet och är inkommen eller upprättad","Att en handling är hemlig med stöd i offentlighets- och sekretesslagen","Rätten att lämna uppgifter till journalister för publicering","Myndigheten får inte undersöka vem som lämnat uppgifter till media","Alla har rätt att ta del av allmänna handlingar hos myndigheter"
Begrepp och grundläggande kunskaper,MULTIPLE_CHOICE,"Vad är en allmän handling?","Handling som förvaras hos myndighet och är inkommen eller upprättad","Alla har rätt att ta del av allmänna handlingar hos myndigheter","Att en handling är hemlig med stöd i offentlighets- och sekretesslagen","Rätten att lämna uppgifter till journalister för publicering","Myndigheten får inte undersöka vem som lämnat uppgifter till media","Handling som förvaras hos myndighet och är inkommen eller upprättad"
Begrepp och grundläggande kunskaper,MULTIPLE_CHOICE,"Vad innebär sekretess?","Att en handling är hemlig med stöd i offentlighets- och sekretesslagen","Handling som förvaras hos myndighet och är inkommen eller upprättad","Alla har rätt att ta del av allmänna handlingar hos myndigheter","Rätten att lämna uppgifter till journalister för publicering","Myndigheten får inte undersöka vem som lämnat uppgifter till media","Att en handling är hemlig med stöd i offentlighets- och sekretesslagen"
Begrepp och grundläggande kunskaper,MULTIPLE_CHOICE,"Vad innebär meddelarfrihet?","Rätten att lämna uppgifter till journalister för publicering","Att en handling är hemlig med stöd i offentlighets- och sekretesslagen","Handling som förvaras hos myndighet och är inkommen eller upprättad","Alla har rätt att ta del av allmänna handlingar hos myndigheter","Myndigheten får inte undersöka vem som lämnat uppgifter till media","Rätten att lämna uppgifter till journalister för publicering"
Begrepp och grundläggande kunskaper,MULTIPLE_CHOICE,"Vad innebär efterforskningsförbud?","Myndigheten får inte undersöka vem som lämnat uppgifter till media","Rätten att lämna uppgifter till journalister för publicering","Att en handling är hemlig med stöd i offentlighets- och sekretesslagen","Handling som förvaras hos myndighet och är inkommen eller upprättad","Alla har rätt att ta del av allmänna handlingar hos myndigheter","Myndigheten får inte undersöka vem som lämnat uppgifter till media"
Begrepp och grundläggande kunskaper,FREE_TEXT,"I vilken grundlag regleras offentlighetsprincipen?"
Begrepp och grundläggande kunskaper,FREE_TEXT,"Vilka tre krav måste vara uppfyllda för att en handling ska vara allmän?"
Begrepp och grundläggande kunskaper,FREE_TEXT,"Vad är skillnaden mellan meddelarfrihet och källskydd?"
Är det en allmän handling?,FREE_TEXT,"Ett mejl från en medborgare till kommunen med klagomål på att en gata inte har plogats. Är det en allmän handling? Svara ja eller nej och motivera med hjälp av trestegstestet."
Är det en allmän handling?,FREE_TEXT,"En tjänstemans personliga minnesanteckningar som hen gjort inför ett möte och som bara finns hos hen själv. Är det en allmän handling? Svara ja eller nej och motivera med hjälp av trestegstestet."
Är det en allmän handling?,FREE_TEXT,"En faktura från ett byggföretag till Trafikverket för arbete med en ny väg. Är det en allmän handling? Svara ja eller nej och motivera med hjälp av trestegstestet."
Är det en allmän handling?,FREE_TEXT,"Ett utkast till beslut på Skolinspektionen som ännu inte är färdigställt och inte har skickats till någon utomstående. Är det en allmän handling? Svara ja eller nej och motivera med hjälp av trestegstestet."
Är det en allmän handling?,FREE_TEXT,"Ett mejl mellan två anställda på olika myndigheter om ett gemensamt ärende. Är det en allmän handling? Svara ja eller nej och motivera med hjälp av trestegstestet."
Är det en allmän handling?,FREE_TEXT,"En patients journal på ett sjukhus som drivs av regionen. Är det en allmän handling? Om ja - är den offentlig? Motivera."
